{
    "reference_bpm_rhythmExtractor": 139.22250366210938,
    "bpm_mean_raw": 70.6561050415039,
    "peak_bpm_raw": 70.0,
    "bpm_bins_raw": [
        69,
        70,
        71,
        72,
        73,
        74,
        75,
        76,
        77,
        78,
        79,
        80,
        81,
        82,
        83,
        84,
        85,
        86,
        87,
        88,
        89,
        90,
        91,
        92,
        93,
        94,
        95,
        96,
        97,
        98,
        99,
        100,
        101,
        102,
        103,
        104,
        105,
        106,
        107,
        108,
        109,
        110,
        111,
        112,
        113,
        114,
        115,
        116,
        117,
        118,
        119,
        120,
        121,
        122,
        123,
        124,
        125,
        126,
        127,
        128,
        129,
        130,
        131,
        132,
        133,
        134,
        135,
        136,
        137,
        138,
        139,
        140,
        141,
        142,
        143,
        144,
        145,
        146,
        147,
        148,
        149,
        150,
        151,
        152,
        153,
        154,
        155,
        156,
        157,
        158,
        159,
        160,
        161,
        162,
        163,
        164,
        165,
        166,
        167,
        168,
        169,
        170,
        171,
        172,
        173,
        174,
        175,
        176,
        177,
        178,
        179,
        180,
        181,
        182,
        183,
        184,
        185,
        186,
        187,
        188,
        189,
        190,
        191,
        192,
        193,
        194,
        195,
        196,
        197,
        198,
        199,
        200,
        201,
        202,
        203,
        204,
        205,
        206,
        207,
        208,
        209,
        210,
        211,
        212,
        213,
        214,
        215,
        216,
        217,
        218,
        219
    ],
    "hist_counts_raw": [
        6,
        464,
        12,
        3,
        0,
        0,
        0,
        0,
        0,
        0,
        0,
        0,
        0,
        0,
        0,
        0,
        0,
        0,
        0,
        0,
        0,
        0,
        0,
        0,
        0,
        0,
        0,
        0,
        0,
        0,
        0,
        0,
        0,
        0,
        0,
        0,
        0,
        0,
        0,
        0,
        0,
        0,
        0,
        0,
        0,
        0,
        0,
        0,
        0,
        0,
        0,
        0,
        0,
        0,
        0,
        0,
        0,
        0,
        0,
        0,
        0,
        0,
        0,
        0,
        0,
        0,
        0,
        0,
        0,
        0,
        0,
        0,
        0,
        0,
        0,
        0,
        0,
        0,
        0,
        0,
        0,
        0,
        0,
        0,
        0,
        0,
        0,
        0,
        0,
        0,
        0,
        0,
        0,
        0,
        0,
        0,
        0,
        0,
        0,
        0,
        0,
        0,
        0,
        0,
        0,
        0,
        0,
        0,
        0,
        0,
        0,
        0,
        0,
        0,
        0,
        0,
        0,
        0,
        0,
        0,
        0,
        0,
        0,
        0,
        0,
        0,
        0,
        0,
        0,
        0,
        0,
        0,
        0,
        0,
        0,
        0,
        0,
        0,
        0,
        0,
        0,
        0,
        0,
        0,
        0,
        0,
        0,
        0,
        0,
        0,
        0
    ],
    "scale_factor": 1.9704242624233117,
    "bpm_mean_scaled": 139.22250366210938,
    "peak_bpm_scaled": 137.9296983696318,
    "bpm_bins_scaled": [
        135.9592741072085,
        137.9296983696318,
        139.90012263205514,
        141.87054689447845,
        143.84097115690176,
        145.81139541932507,
        147.78181968174837,
        149.75224394417168,
        151.722668206595,
        153.69309246901832,
        155.66351673144163,
        157.63394099386494,
        159.60436525628825,
        161.57478951871155,
        163.54521378113486,
        165.51563804355817,
        167.4860623059815,
        169.4564865684048,
        171.42691083082812,
        173.39733509325143,
        175.36775935567474,
        177.33818361809804,
        179.30860788052138,
        181.2790321429447,
        183.249456405368,
        185.2198806677913,
        187.1903049302146,
        189.16072919263792,
        191.13115345506122,
        193.10157771748456,
        195.07200197990787,
        197.04242624233117,
        199.01285050475448,
        200.9832747671778,
        202.9536990296011,
        204.9241232920244,
        206.89454755444774,
        208.86497181687105,
        210.83539607929436,
        212.80582034171766,
        214.77624460414097,
        216.74666886656428,
        218.71709312898759,
        220.68751739141092,
        222.65794165383423,
        224.62836591625754,
        226.59879017868084,
        228.56921444110415,
        230.53963870352746,
        232.5100629659508,
        234.4804872283741,
        236.4509114907974,
        238.42133575322072,
        240.39176001564402,
        242.36218427806733,
        244.33260854049064,
        246.30303280291398,
        248.27345706533728,
        250.2438813277606,
        252.2143055901839,
        254.1847298526072,
        256.15515411503054,
        258.12557837745385,
        260.09600263987716,
        262.06642690230046,
        264.03685116472377,
        266.0072754271471,
        267.9776996895704,
        269.9481239519937,
        271.918548214417,
        273.8889724768403,
        275.8593967392636,
        277.8298210016869,
        279.8002452641103,
        281.7706695265336,
        283.7410937889569,
        285.7115180513802,
        287.6819423138035,
        289.6523665762268,
        291.62279083865013,
        293.59321510107344,
        295.56363936349675,
        297.53406362592006,
        299.50448788834336,
        301.47491215076667,
        303.44533641319,
        305.41576067561334,
        307.38618493803665,
        309.35660920045996,
        311.32703346288326,
        313.2974577253066,
        315.2678819877299,
        317.2383062501532,
        319.2087305125765,
        321.1791547749998,
        323.1495790374231,
        325.1200032998464,
        327.0904275622697,
        329.06085182469303,
        331.03127608711634,
        333.0017003495397,
        334.972124611963,
        336.9425488743863,
        338.9129731368096,
        340.88339739923293,
        342.85382166165624,
        344.82424592407955,
        346.79467018650286,
        348.76509444892616,
        350.73551871134947,
        352.7059429737728,
        354.6763672361961,
        356.6467914986194,
        358.61721576104276,
        360.58764002346607,
        362.5580642858894,
        364.5284885483127,
        366.498912810736,
        368.4693370731593,
        370.4397613355826,
        372.4101855980059,
        374.3806098604292,
        376.3510341228525,
        378.32145838527583,
        380.29188264769914,
        382.26230691012245,
        384.23273117254575,
        386.2031554349691,
        388.1735796973924,
        390.14400395981573,
        392.11442822223904,
        394.08485248466235,
        396.05527674708566,
        398.02570100950896,
        399.99612527193227,
        401.9665495343556,
        403.9369737967789,
        405.9073980592022,
        407.8778223216255,
        409.8482465840488,
        411.8186708464722,
        413.7890951088955,
        415.7595193713188,
        417.7299436337421,
        419.7003678961654,
        421.6707921585887,
        423.641216421012,
        425.6116406834353,
