{
    "numEvents": 193,
    "uniqueChords": [
        "A",
        "Ab",
        "Abm",
        "Am",
        "B",
        "Bm",
        "C",
        "C#m",
        "Cm",
        "D",
        "Dm",
        "E",
        "Eb",
        "Em",
        "F",
        "F#",
        "F#m",
        "G",
        "Gm"
    ],
    "chordHistogram": {
        "A": 38,
        "Ab": 1,
        "Abm": 1,
        "Am": 3,
        "B": 14,
        "Bm": 18,
        "C": 1,
        "C#m": 8,
        "Cm": 3,
        "D": 42,
        "Dm": 2,
        "E": 16,
        "Eb": 3,
        "Em": 16,
        "F": 1,
        "F#": 7,
        "F#m": 11,
        "G": 6,
        "Gm": 2
    },
    "chordChangeRate": 0.578125,
    "haveEssentia": true,
    "essentiaDescriptors": {
        "inputKey": "D",
        "inputScale": "major",
        "chordsKey": "D",
        "chordsScale": "major",
        "chordsNumberRate": 0.07772020995616913,
        "chordsChangesRate": 0.575129508972168,
        "chordsHistogramVector": [
            21.76165771484375,
            5.699481964111328,
            19.689119338989258,
            4.145077705383301,
            8.290155410766602,
            0.5181347131729126,
            7.2538862228393555,
            0.0,
            3.6269431114196777,
            0.0,
            0.0,
            0.0,
            0.5181347131729126,
            1.5544041395187378,
            1.5544041395187378,
            1.0362694263458252,
            0.0,
            1.0362694263458252,
            0.5181347131729126,
            1.5544041395187378,
            0.5181347131729126,
            8.290155410766602,
            3.1088082790374756,
            9.326424598693848
        ]
    }
}