{
    "BPM_estimated": 128.3762993096901,
    "beats": [
        0.41795918345451355,
        0.847528338432312,
        1.277097463607788,
        1.695056676864624,
        2.11301589012146,
        2.5425848960876465,
        2.9953742027282715,
        3.4481632709503174,
        3.912562370300293,
        4.36535120010376,
        4.736870765686035,
        5.119999885559082,
        5.503129005432129,
        5.886258602142334,
        6.29260778427124,
        6.6989569664001465,
        7.105306148529053,
        7.53487491607666,
        7.964444160461426,
        8.394013404846191,
        8.823582649230957,
        9.241541862487793,
        9.659501075744629,
        10.089070320129395,
        10.588298797607422,
        11.087528228759766,
        11.57514762878418,
        12.062766075134277,
        12.561995506286621,
        13.049613952636719,
        13.537233352661133,
        14.013242721557617,
        14.489251136779785,
        14.9768705368042,
        15.476099014282227,
        15.97532844543457,
        16.416507720947266,
        16.86929702758789,
        17.322086334228516,
        17.77487564086914,
        18.216054916381836,
        18.668842315673828,
        19.110021591186523,
        19.55120086669922,
        19.992380142211914,
        20.43355941772461,
        20.874738693237305,
        21.30430793762207,
        21.733877182006836,
        22.17505645751953,
        22.685895919799805,
        23.196733474731445,
        23.70757293701172,
        24.218412399291992,
        24.729251861572266,
        25.228479385375977,
        25.72770881652832,
        26.226938247680664,
        26.726167678833008,
        27.155736923217773,
        27.58530616760254,
        28.014875411987305,
        28.44444465637207,
        28.874013900756836,
        29.3035831451416,
        29.733150482177734,
        30.15110969543457,
        30.569068908691406,
        30.998638153076172,
        31.428207397460938,
        31.857776641845703,
        32.29895782470703,
        32.80979537963867,
        33.32063293457031,
        33.819862365722656,
        34.41197204589844,
        35.00408172607422,
        35.59619140625,
        36.17668914794922,
        36.75718688964844,
        37.360904693603516,
        37.96462631225586,
        38.556732177734375,
        39.18367385864258,
        39.79899978637695,
        40.321449279785156,
        40.84389877319336,
        41.36634826660156,
        41.888797760009766,
        42.41124725341797,
        42.93369674682617,
        43.46775436401367,
        43.990203857421875,
        44.51265335083008,
        45.04671096801758,
        45.58076858520508,
        46.17287826538086,
        46.76498794555664,
        47.35709762573242,
        47.93759536743164,
        48.50648498535156,
        49.075374603271484,
        49.6558723449707,
        50.224761962890625,
        50.79365158081055,
        51.3625373840332,
        51.931427001953125,
        52.50031661987305,
        53.06920623779297,
        53.66131591796875,
        54.24181365966797,
        54.82231140136719,
        55.402809143066406,
        55.98331069946289,
        56.49414825439453,
        57.00498580932617,
        57.51582717895508,
        57.95700454711914,
        58.386573791503906,
        58.81614303588867,
        59.24571228027344,
        59.6752815246582,
        60.10485076904297,
        60.534420013427734,
        60.97560119628906,
        61.40517044067383,
        61.834739685058594,
        62.26430892944336,
        62.693878173828125,
        63.12344741821289,
        63.55301284790039,
        64.06385040283203,
        64.56307983398438,
        65.07392120361328,
        65.5267105102539,
        65.9911117553711,
        66.45550537109375,
        66.91990661621094,
        67.38430786132812,
        67.84870910644531,
        68.30149841308594,
        68.75428771972656,
        69.20707702636719,
        69.65986633300781,
        70.1126480102539,
        70.56543731689453,
        71.01822662353516,
        71.45941162109375,
        71.88897705078125,
        72.33015441894531,
        72.7713394165039,
        73.21251678466797,
        73.65369415283203,
        74.0948715209961,
        74.53605651855469,
        74.96562194824219,
        75.40679931640625,
        75.84797668457031,
        76.2891616821289,
        76.73033905029297,
        77.17151641845703,
        77.62430572509766,
        78.06548309326172,
        78.50666809082031,
        78.9942855834961,
        79.48190307617188,
        79.96952056884766,
        80.39909362792969,
        80.82865905761719,
        81.25823211669922,
        81.68779754638672,
        82.11737060546875,
        82.54693603515625,
        82.97650909423828,
        83.41768646240234,
        83.84725189208984,
        84.28843688964844,
        84.71800231933594,
        85.14757537841797,
        85.57714080810547,
        86.0067138671875,
        86.436279296875,
        86.86585235595703,
        87.3070297241211,
        87.74820709228516,
        88.18938446044922,
        88.63056182861328,
        89.06013488769531,
        89.48970031738281,
        89.90766143798828,
        90.33723449707031,
        90.76679992675781,
        91.19637298583984,
        91.6375503540039,
        92.07872772216797,
        92.51990509033203,
        92.97269439697266,
        93.42548370361328,
        93.86666870117188,
        94.29623413085938,
        94.72579956054688,
        95.1553726196289,
        95.5849380493164,
        96.01451110839844,
        96.44407653808594,
        96.89686584472656,
        97.33805084228516,
        97.77922821044922,
        98.19718933105469,
        98.61514282226562,
        99.0331039428711,
        99.45106506347656,
        99.88063049316406,
        100.3102035522461,
        100.72816467285156,
        101.1461181640625,
        101.56407928466797,
        101.98204040527344,
        102.4000015258789,
        102.80635070800781,
        103.21269989013672,
        103.63065338134766,
        104.04861450195312,
        104.4665756225586,
        104.8729248046875,
        105.29088592529297,
        105.69723510742188,
        106.11518859863281,
        106.53314971923828,
        106.99755096435547,
        107.47355651855469,
        107.94956970214844,
        108.4139633178711,
        108.9248046875,
        109.42403411865234,
        109.92326354980469,
        110.46893310546875,
        111.01460266113281,
        111.58348846435547,
        112.15238189697266,
        112.70965576171875,
        113.23210906982422,
        113.76616668701172,
        114.28861236572266,
        114.74140167236328,
        115.1941909790039,
        115.64698028564453,
        116.05332946777344,
        116.45967864990234,
        116.86602783203125,
        117.28398895263672,
        117.70195007324219,
        118.11990356445312,
        118.5378646850586,
        118.9442138671875,
        119.3505630493164,
        119.76852416992188,
        120.17487335205078,
        120.58122253417969,
        120.9875717163086,
        121.3939208984375,
        121.86992645263672,
        122.34593963623047,
        122.82194519042969,
        123.29795837402344,
        123.76235961914062,
        124.22675323486328,
        124.70276641845703,
        125.17877197265625,
        125.64317321777344,
        126.10757446289062,
        126.57196807861328,
        127.03636932373047,
        127.50077056884766,
        127.94194793701172,
        128.3947296142578,
        128.83592224121094,
        129.277099609375,
        129.72988891601562,
        130.18267822265625,
        130.63546752929688,
        131.0882568359375,
        131.54104614257812,
        131.9822235107422,
        132.4117889404297,
        132.85296630859375,
        133.28253173828125,
        133.7237091064453,
        134.15328979492188,
        134.58285522460938,
        135.01242065429688,
